id;doctype;filename;date;folderguid;folder;docnumber;docdate;description;datetime;typedoc
1;homogeneous;quantify;2021-01-16T01:22:48;2021-01-15T17:35:58;circuit Beauty program;United States of America niches CSS;2021-01-16T09:49:05;mint green;Auto Loan Account International Ferry;OtherShipDocuments
2;Usability AGP Architect;payment;2021-01-16T08:36:29;2021-01-15T23:27:35;Licensed Soft Fish Licensed compressing;viral;2021-01-15T19:46:01;Mauritius Rupee De-engineered Home Loan Account;utilize Intuitive;LoadingInstructions
3;Wooden;connecting;2021-01-15T23:04:48;2021-01-16T13:08:32;1080p;deposit;2021-01-15T21:28:55;fault-tolerant New York;harness;RailwayConsignmentGU27
4;Frozen sensor Springs;Quality Car;2021-01-16T04:39:32;2021-01-16T03:22:40;benchmark;Chair Graphical User Interface Refined;2021-01-15T20:14:37;index Functionality connect;Road;RailwayConsignmentGU27
5;mobile paradigm Soft;Berkshire;2021-01-16T09:31:36;2021-01-15T20:11:25;Avon Credit Card Account Architect;Operative Money Market Account;2021-01-16T09:46:06;South Dakota program;Chief Steel;CoastalBillOfLading
6;Direct COM implement;invoice Chief Functionality;2021-01-16T01:02:05;2021-01-16T15:57:46;PNG mint green Maryland;embrace Berkshire;2021-01-15T22:40:52;Producer;neural;ShipBillOfLading
7;Metrics Gloves;capacitor Generic Metal Cheese magenta;2021-01-16T00:11:56;2021-01-16T00:46:31;transmit user-facing Rustic Rubber Car;Borders Identity;2021-01-15T20:41:10;calculate Metrics Hat;Iowa;RailwayConsignmentGU27
8;payment definition Intranet;synthesize lavender;2021-01-16T01:32:19;2021-01-16T10:25:05;high-level withdrawal firewall;indigo;2021-01-15T23:50:40;Small array;Self-enabling Coordinator 24/365;OtherShipDocuments
9;Central African Republic Sri Lanka Rupee Practical;synthesizing Planner compressing;2021-01-16T11:19:34;2021-01-16T09:02:58;tan;Paraguay Arkansas Assistant;2021-01-16T05:20:40;Architect Granite;Computer auxiliary project;LoadingInstructions
10;orchestration Plastic Outdoors;Keyboard navigate Chicken;2021-01-15T21:30:37;2021-01-16T04:41:50;cyan Fundamental reciprocal;transparent primary Savings Account;2021-01-15T17:42:25;Auto Loan Account Borders;Fish Berkshire;CoastalBillOfLading
